,Replicate,a_init,h_init,f_init,r,m,a_fit,h_fit,f_fit
0,1,1.0,0.1,0.1,0.5,0.0,2.338889466604729,0.28913641947053403,0.004652959968379104
1,2,1.0,0.1,0.1,0.5,0.0,1.3082049345714277,0.07421146046601657,0.07490491109501743
